<?xml version="1.0" encoding="UTF-8"?>
<root>
  <item name="com.auth0.android.lock.utils.CustomField CustomField(int, int, java.lang.String, int) 1">
    <annotation name="android.support.annotation.IntDef">
      <val name="value" val="{com.auth0.android.lock.utils.CustomField.FieldType.TYPE_NAME, com.auth0.android.lock.utils.CustomField.FieldType.TYPE_NUMBER, com.auth0.android.lock.utils.CustomField.FieldType.TYPE_PHONE_NUMBER, com.auth0.android.lock.utils.CustomField.FieldType.TYPE_EMAIL}" />
    </annotation>
  </item>
  <item name="com.auth0.android.lock.utils.CustomField int getType()">
    <annotation name="android.support.annotation.IntDef">
      <val name="value" val="{com.auth0.android.lock.utils.CustomField.FieldType.TYPE_NAME, com.auth0.android.lock.utils.CustomField.FieldType.TYPE_NUMBER, com.auth0.android.lock.utils.CustomField.FieldType.TYPE_PHONE_NUMBER, com.auth0.android.lock.utils.CustomField.FieldType.TYPE_EMAIL}" />
    </annotation>
  </item>
  <item name="com.auth0.android.lock.utils.CustomField type">
    <annotation name="android.support.annotation.IntDef">
      <val name="value" val="{com.auth0.android.lock.utils.CustomField.FieldType.TYPE_NAME, com.auth0.android.lock.utils.CustomField.FieldType.TYPE_NUMBER, com.auth0.android.lock.utils.CustomField.FieldType.TYPE_PHONE_NUMBER, com.auth0.android.lock.utils.CustomField.FieldType.TYPE_EMAIL}" />
    </annotation>
  </item>
  <item name="com.auth0.android.lock.utils.CustomField.FieldType">
    <annotation name="android.support.annotation.IntDef">
      <val name="value" val="{com.auth0.android.lock.utils.CustomField.FieldType.TYPE_NAME, com.auth0.android.lock.utils.CustomField.FieldType.TYPE_NUMBER, com.auth0.android.lock.utils.CustomField.FieldType.TYPE_PHONE_NUMBER, com.auth0.android.lock.utils.CustomField.FieldType.TYPE_EMAIL}" />
    </annotation>
  </item>
</root>

