<?xml version="1.0" encoding="UTF-8"?>
<root>
  <item name="com.auth0.android.lock.AuthButtonSize">
    <annotation name="android.support.annotation.IntDef">
      <val name="value" val="{com.auth0.android.lock.AuthButtonSize.UNSPECIFIED, com.auth0.android.lock.AuthButtonSize.BIG, com.auth0.android.lock.AuthButtonSize.SMALL}" />
    </annotation>
  </item>
  <item name="com.auth0.android.lock.AuthenticationCallback void onEvent(int, android.content.Intent) 0">
    <annotation name="android.support.annotation.IntDef">
      <val name="value" val="{com.auth0.android.lock.LockCallback.LockEvent.CANCELED, com.auth0.android.lock.LockCallback.LockEvent.AUTHENTICATION, com.auth0.android.lock.LockCallback.LockEvent.SIGN_UP, com.auth0.android.lock.LockCallback.LockEvent.RESET_PASSWORD}" />
    </annotation>
  </item>
  <item name="com.auth0.android.lock.InitialScreen">
    <annotation name="android.support.annotation.IntDef">
      <val name="value" val="{com.auth0.android.lock.InitialScreen.LOG_IN, com.auth0.android.lock.InitialScreen.SIGN_UP, com.auth0.android.lock.InitialScreen.FORGOT_PASSWORD}" />
    </annotation>
  </item>
  <item name="com.auth0.android.lock.Lock.Builder com.auth0.android.lock.Lock.Builder initialScreen(int) 0">
    <annotation name="android.support.annotation.IntDef">
      <val name="value" val="{com.auth0.android.lock.InitialScreen.LOG_IN, com.auth0.android.lock.InitialScreen.SIGN_UP, com.auth0.android.lock.InitialScreen.FORGOT_PASSWORD}" />
    </annotation>
  </item>
  <item name="com.auth0.android.lock.Lock.Builder com.auth0.android.lock.Lock.Builder withAuthButtonSize(int) 0">
    <annotation name="android.support.annotation.IntDef">
      <val name="value" val="{com.auth0.android.lock.AuthButtonSize.UNSPECIFIED, com.auth0.android.lock.AuthButtonSize.BIG, com.auth0.android.lock.AuthButtonSize.SMALL}" />
    </annotation>
  </item>
  <item name="com.auth0.android.lock.Lock.Builder com.auth0.android.lock.Lock.Builder withUsernameStyle(int) 0">
    <annotation name="android.support.annotation.IntDef">
      <val name="value" val="{com.auth0.android.lock.UsernameStyle.DEFAULT, com.auth0.android.lock.UsernameStyle.USERNAME, com.auth0.android.lock.UsernameStyle.EMAIL}" />
    </annotation>
  </item>
  <item name="com.auth0.android.lock.LockCallback void onEvent(int, android.content.Intent) 0">
    <annotation name="android.support.annotation.IntDef">
      <val name="value" val="{com.auth0.android.lock.LockCallback.LockEvent.CANCELED, com.auth0.android.lock.LockCallback.LockEvent.AUTHENTICATION, com.auth0.android.lock.LockCallback.LockEvent.SIGN_UP, com.auth0.android.lock.LockCallback.LockEvent.RESET_PASSWORD}" />
    </annotation>
  </item>
  <item name="com.auth0.android.lock.LockCallback.LockEvent">
    <annotation name="android.support.annotation.IntDef">
      <val name="value" val="{com.auth0.android.lock.LockCallback.LockEvent.CANCELED, com.auth0.android.lock.LockCallback.LockEvent.AUTHENTICATION, com.auth0.android.lock.LockCallback.LockEvent.SIGN_UP, com.auth0.android.lock.LockCallback.LockEvent.RESET_PASSWORD}" />
    </annotation>
  </item>
  <item name="com.auth0.android.lock.PasswordlessLock.Builder com.auth0.android.lock.PasswordlessLock.Builder withAuthButtonSize(int) 0">
    <annotation name="android.support.annotation.IntDef">
      <val name="value" val="{com.auth0.android.lock.AuthButtonSize.UNSPECIFIED, com.auth0.android.lock.AuthButtonSize.BIG, com.auth0.android.lock.AuthButtonSize.SMALL}" />
    </annotation>
  </item>
  <item name="com.auth0.android.lock.UsernameStyle">
    <annotation name="android.support.annotation.IntDef">
      <val name="value" val="{com.auth0.android.lock.UsernameStyle.DEFAULT, com.auth0.android.lock.UsernameStyle.USERNAME, com.auth0.android.lock.UsernameStyle.EMAIL}" />
    </annotation>
  </item>
</root>

