<?xml version="1.0" encoding="UTF-8"?>
<root>
  <item name="com.auth0.android.lock.internal.configuration.AuthMode">
    <annotation name="android.support.annotation.IntDef">
      <val name="value" val="{com.auth0.android.lock.internal.configuration.AuthMode.LOG_IN, com.auth0.android.lock.internal.configuration.AuthMode.SIGN_UP}" />
    </annotation>
  </item>
  <item name="com.auth0.android.lock.internal.configuration.AuthType">
    <annotation name="android.support.annotation.IntDef">
      <val name="value" val="{com.auth0.android.lock.internal.configuration.AuthType.DATABASE, com.auth0.android.lock.internal.configuration.AuthType.ENTERPRISE, com.auth0.android.lock.internal.configuration.AuthType.PASSWORDLESS, com.auth0.android.lock.internal.configuration.AuthType.SOCIAL}" />
    </annotation>
  </item>
  <item name="com.auth0.android.lock.internal.configuration.Configuration initialScreen">
    <annotation name="android.support.annotation.IntDef">
      <val name="value" val="{com.auth0.android.lock.InitialScreen.LOG_IN, com.auth0.android.lock.InitialScreen.SIGN_UP, com.auth0.android.lock.InitialScreen.FORGOT_PASSWORD}" />
    </annotation>
  </item>
  <item name="com.auth0.android.lock.internal.configuration.Configuration int getInitialScreen()">
    <annotation name="android.support.annotation.IntDef">
      <val name="value" val="{com.auth0.android.lock.InitialScreen.LOG_IN, com.auth0.android.lock.InitialScreen.SIGN_UP, com.auth0.android.lock.InitialScreen.FORGOT_PASSWORD}" />
    </annotation>
  </item>
  <item name="com.auth0.android.lock.internal.configuration.Configuration int getPasswordPolicy()">
    <annotation name="android.support.annotation.IntDef">
      <val name="value" val="{com.auth0.android.lock.internal.configuration.PasswordStrength.NONE, com.auth0.android.lock.internal.configuration.PasswordStrength.LOW, com.auth0.android.lock.internal.configuration.PasswordStrength.FAIR, com.auth0.android.lock.internal.configuration.PasswordStrength.GOOD, com.auth0.android.lock.internal.configuration.PasswordStrength.EXCELLENT}" />
    </annotation>
  </item>
  <item name="com.auth0.android.lock.internal.configuration.Configuration int getPasswordlessMode()">
    <annotation name="android.support.annotation.IntDef">
      <val name="value" val="{com.auth0.android.lock.internal.configuration.PasswordlessMode.DISABLED, com.auth0.android.lock.internal.configuration.PasswordlessMode.SMS_LINK, com.auth0.android.lock.internal.configuration.PasswordlessMode.SMS_CODE, com.auth0.android.lock.internal.configuration.PasswordlessMode.EMAIL_LINK, com.auth0.android.lock.internal.configuration.PasswordlessMode.EMAIL_CODE}" />
    </annotation>
  </item>
  <item name="com.auth0.android.lock.internal.configuration.Configuration int getSocialButtonStyle()">
    <annotation name="android.support.annotation.IntDef">
      <val name="value" val="{com.auth0.android.lock.AuthButtonSize.UNSPECIFIED, com.auth0.android.lock.AuthButtonSize.BIG, com.auth0.android.lock.AuthButtonSize.SMALL}" />
    </annotation>
  </item>
  <item name="com.auth0.android.lock.internal.configuration.Configuration int getUsernameStyle()">
    <annotation name="android.support.annotation.IntDef">
      <val name="value" val="{com.auth0.android.lock.UsernameStyle.DEFAULT, com.auth0.android.lock.UsernameStyle.USERNAME, com.auth0.android.lock.UsernameStyle.EMAIL}" />
    </annotation>
  </item>
  <item name="com.auth0.android.lock.internal.configuration.Configuration int parsePasswordlessMode(boolean)">
    <annotation name="android.support.annotation.IntDef">
      <val name="value" val="{com.auth0.android.lock.internal.configuration.PasswordlessMode.DISABLED, com.auth0.android.lock.internal.configuration.PasswordlessMode.SMS_LINK, com.auth0.android.lock.internal.configuration.PasswordlessMode.SMS_CODE, com.auth0.android.lock.internal.configuration.PasswordlessMode.EMAIL_LINK, com.auth0.android.lock.internal.configuration.PasswordlessMode.EMAIL_CODE}" />
    </annotation>
  </item>
  <item name="com.auth0.android.lock.internal.configuration.Configuration java.util.List&lt;T&gt; filterConnections(java.util.List&lt;com.auth0.android.lock.internal.configuration.Connection&gt;, java.util.Set&lt;java.lang.String&gt;, int) 2">
    <annotation name="android.support.annotation.IntDef">
      <val name="value" val="{com.auth0.android.lock.internal.configuration.AuthType.DATABASE, com.auth0.android.lock.internal.configuration.AuthType.ENTERPRISE, com.auth0.android.lock.internal.configuration.AuthType.PASSWORDLESS, com.auth0.android.lock.internal.configuration.AuthType.SOCIAL}" />
    </annotation>
  </item>
  <item name="com.auth0.android.lock.internal.configuration.Configuration passwordlessMode">
    <annotation name="android.support.annotation.IntDef">
      <val name="value" val="{com.auth0.android.lock.internal.configuration.PasswordlessMode.DISABLED, com.auth0.android.lock.internal.configuration.PasswordlessMode.SMS_LINK, com.auth0.android.lock.internal.configuration.PasswordlessMode.SMS_CODE, com.auth0.android.lock.internal.configuration.PasswordlessMode.EMAIL_LINK, com.auth0.android.lock.internal.configuration.PasswordlessMode.EMAIL_CODE}" />
    </annotation>
  </item>
  <item name="com.auth0.android.lock.internal.configuration.Configuration socialButtonStyle">
    <annotation name="android.support.annotation.IntDef">
      <val name="value" val="{com.auth0.android.lock.AuthButtonSize.UNSPECIFIED, com.auth0.android.lock.AuthButtonSize.BIG, com.auth0.android.lock.AuthButtonSize.SMALL}" />
    </annotation>
  </item>
  <item name="com.auth0.android.lock.internal.configuration.Configuration usernameStyle">
    <annotation name="android.support.annotation.IntDef">
      <val name="value" val="{com.auth0.android.lock.UsernameStyle.DEFAULT, com.auth0.android.lock.UsernameStyle.USERNAME, com.auth0.android.lock.UsernameStyle.EMAIL}" />
    </annotation>
  </item>
  <item name="com.auth0.android.lock.internal.configuration.Connection int getPasswordPolicy()">
    <annotation name="android.support.annotation.IntDef">
      <val name="value" val="{com.auth0.android.lock.internal.configuration.PasswordStrength.NONE, com.auth0.android.lock.internal.configuration.PasswordStrength.LOW, com.auth0.android.lock.internal.configuration.PasswordStrength.FAIR, com.auth0.android.lock.internal.configuration.PasswordStrength.GOOD, com.auth0.android.lock.internal.configuration.PasswordStrength.EXCELLENT}" />
    </annotation>
  </item>
  <item name="com.auth0.android.lock.internal.configuration.DatabaseConnection int getPasswordPolicy()">
    <annotation name="android.support.annotation.IntDef">
      <val name="value" val="{com.auth0.android.lock.internal.configuration.PasswordStrength.NONE, com.auth0.android.lock.internal.configuration.PasswordStrength.LOW, com.auth0.android.lock.internal.configuration.PasswordStrength.FAIR, com.auth0.android.lock.internal.configuration.PasswordStrength.GOOD, com.auth0.android.lock.internal.configuration.PasswordStrength.EXCELLENT}" />
    </annotation>
  </item>
  <item name="com.auth0.android.lock.internal.configuration.Options int authButtonSize()">
    <annotation name="android.support.annotation.IntDef">
      <val name="value" val="{com.auth0.android.lock.AuthButtonSize.UNSPECIFIED, com.auth0.android.lock.AuthButtonSize.BIG, com.auth0.android.lock.AuthButtonSize.SMALL}" />
    </annotation>
  </item>
  <item name="com.auth0.android.lock.internal.configuration.Options int initialScreen()">
    <annotation name="android.support.annotation.IntDef">
      <val name="value" val="{com.auth0.android.lock.InitialScreen.LOG_IN, com.auth0.android.lock.InitialScreen.SIGN_UP, com.auth0.android.lock.InitialScreen.FORGOT_PASSWORD}" />
    </annotation>
  </item>
  <item name="com.auth0.android.lock.internal.configuration.Options int usernameStyle()">
    <annotation name="android.support.annotation.IntDef">
      <val name="value" val="{com.auth0.android.lock.UsernameStyle.DEFAULT, com.auth0.android.lock.UsernameStyle.USERNAME, com.auth0.android.lock.UsernameStyle.EMAIL}" />
    </annotation>
  </item>
  <item name="com.auth0.android.lock.internal.configuration.Options void setAuthButtonSize(int) 0">
    <annotation name="android.support.annotation.IntDef">
      <val name="value" val="{com.auth0.android.lock.AuthButtonSize.UNSPECIFIED, com.auth0.android.lock.AuthButtonSize.BIG, com.auth0.android.lock.AuthButtonSize.SMALL}" />
    </annotation>
  </item>
  <item name="com.auth0.android.lock.internal.configuration.Options void setInitialScreen(int) 0">
    <annotation name="android.support.annotation.IntDef">
      <val name="value" val="{com.auth0.android.lock.InitialScreen.LOG_IN, com.auth0.android.lock.InitialScreen.SIGN_UP, com.auth0.android.lock.InitialScreen.FORGOT_PASSWORD}" />
    </annotation>
  </item>
  <item name="com.auth0.android.lock.internal.configuration.Options void setUsernameStyle(int) 0">
    <annotation name="android.support.annotation.IntDef">
      <val name="value" val="{com.auth0.android.lock.UsernameStyle.DEFAULT, com.auth0.android.lock.UsernameStyle.USERNAME, com.auth0.android.lock.UsernameStyle.EMAIL}" />
    </annotation>
  </item>
  <item name="com.auth0.android.lock.internal.configuration.PasswordStrength">
    <annotation name="android.support.annotation.IntDef">
      <val name="value" val="{com.auth0.android.lock.internal.configuration.PasswordStrength.NONE, com.auth0.android.lock.internal.configuration.PasswordStrength.LOW, com.auth0.android.lock.internal.configuration.PasswordStrength.FAIR, com.auth0.android.lock.internal.configuration.PasswordStrength.GOOD, com.auth0.android.lock.internal.configuration.PasswordStrength.EXCELLENT}" />
    </annotation>
  </item>
  <item name="com.auth0.android.lock.internal.configuration.PasswordlessMode">
    <annotation name="android.support.annotation.IntDef">
      <val name="value" val="{com.auth0.android.lock.internal.configuration.PasswordlessMode.DISABLED, com.auth0.android.lock.internal.configuration.PasswordlessMode.SMS_LINK, com.auth0.android.lock.internal.configuration.PasswordlessMode.SMS_CODE, com.auth0.android.lock.internal.configuration.PasswordlessMode.EMAIL_LINK, com.auth0.android.lock.internal.configuration.PasswordlessMode.EMAIL_CODE}" />
    </annotation>
  </item>
</root>

