<?xml version="1.0" encoding="UTF-8"?>
<root>
  <item name="com.auth0.android.lock.events.PasswordlessLoginEvent PasswordlessLoginEvent(int, java.lang.String, java.lang.String, com.auth0.android.lock.adapters.Country) 0">
    <annotation name="android.support.annotation.IntDef">
      <val name="value" val="{com.auth0.android.lock.internal.configuration.PasswordlessMode.DISABLED, com.auth0.android.lock.internal.configuration.PasswordlessMode.SMS_LINK, com.auth0.android.lock.internal.configuration.PasswordlessMode.SMS_CODE, com.auth0.android.lock.internal.configuration.PasswordlessMode.EMAIL_LINK, com.auth0.android.lock.internal.configuration.PasswordlessMode.EMAIL_CODE}" />
    </annotation>
  </item>
  <item name="com.auth0.android.lock.events.PasswordlessLoginEvent com.auth0.android.lock.events.PasswordlessLoginEvent requestCode(int, java.lang.String) 0">
    <annotation name="android.support.annotation.IntDef">
      <val name="value" val="{com.auth0.android.lock.internal.configuration.PasswordlessMode.DISABLED, com.auth0.android.lock.internal.configuration.PasswordlessMode.SMS_LINK, com.auth0.android.lock.internal.configuration.PasswordlessMode.SMS_CODE, com.auth0.android.lock.internal.configuration.PasswordlessMode.EMAIL_LINK, com.auth0.android.lock.internal.configuration.PasswordlessMode.EMAIL_CODE}" />
    </annotation>
  </item>
  <item name="com.auth0.android.lock.events.PasswordlessLoginEvent com.auth0.android.lock.events.PasswordlessLoginEvent requestCode(int, java.lang.String, com.auth0.android.lock.adapters.Country) 0">
    <annotation name="android.support.annotation.IntDef">
      <val name="value" val="{com.auth0.android.lock.internal.configuration.PasswordlessMode.DISABLED, com.auth0.android.lock.internal.configuration.PasswordlessMode.SMS_LINK, com.auth0.android.lock.internal.configuration.PasswordlessMode.SMS_CODE, com.auth0.android.lock.internal.configuration.PasswordlessMode.EMAIL_LINK, com.auth0.android.lock.internal.configuration.PasswordlessMode.EMAIL_CODE}" />
    </annotation>
  </item>
  <item name="com.auth0.android.lock.events.PasswordlessLoginEvent com.auth0.android.lock.events.PasswordlessLoginEvent submitCode(int, java.lang.String) 0">
    <annotation name="android.support.annotation.IntDef">
      <val name="value" val="{com.auth0.android.lock.internal.configuration.PasswordlessMode.DISABLED, com.auth0.android.lock.internal.configuration.PasswordlessMode.SMS_LINK, com.auth0.android.lock.internal.configuration.PasswordlessMode.SMS_CODE, com.auth0.android.lock.internal.configuration.PasswordlessMode.EMAIL_LINK, com.auth0.android.lock.internal.configuration.PasswordlessMode.EMAIL_CODE}" />
    </annotation>
  </item>
  <item name="com.auth0.android.lock.events.PasswordlessLoginEvent int getMode()">
    <annotation name="android.support.annotation.IntDef">
      <val name="value" val="{com.auth0.android.lock.internal.configuration.PasswordlessMode.DISABLED, com.auth0.android.lock.internal.configuration.PasswordlessMode.SMS_LINK, com.auth0.android.lock.internal.configuration.PasswordlessMode.SMS_CODE, com.auth0.android.lock.internal.configuration.PasswordlessMode.EMAIL_LINK, com.auth0.android.lock.internal.configuration.PasswordlessMode.EMAIL_CODE}" />
    </annotation>
  </item>
  <item name="com.auth0.android.lock.events.PasswordlessLoginEvent mode">
    <annotation name="android.support.annotation.IntDef">
      <val name="value" val="{com.auth0.android.lock.internal.configuration.PasswordlessMode.DISABLED, com.auth0.android.lock.internal.configuration.PasswordlessMode.SMS_LINK, com.auth0.android.lock.internal.configuration.PasswordlessMode.SMS_CODE, com.auth0.android.lock.internal.configuration.PasswordlessMode.EMAIL_LINK, com.auth0.android.lock.internal.configuration.PasswordlessMode.EMAIL_CODE}" />
    </annotation>
  </item>
</root>

